code;facility_type;group;name;unit;value_type;base_number;base_text;min;max;is_required;is_constant;role;staff_role;staff_attr;form_section;hint;sort
wh_total_area;warehouse;Общие параметры объекта;Общая площадь склада;м²;number;20000;;10000;100000;true;false;total_area;;;area;Типичный FFC/RDC в логистическом парке. Источник: отраслевые бенчмарки РФ 2023–2024;1
wh_active_area;warehouse;Общие параметры объекта;Площадь активной (роботизируемой) зоны;м²;number;10000;;5000;50000;true;false;active_area;;;area;50% от общей площади;2
wh_ceiling_height;warehouse;Общие параметры объекта;Высота потолков в зоне хранения;м;number;10;;5;16;false;false;ceiling_height;;;area;Влияет на выбор типа решений (особенно в случае шаттловой системы);3
wh_floors;warehouse;Общие параметры объекта;Количество этажей (мезонинов);шт.;number;1;;1;3;false;false;floors;;;area;Для многоэтажных решений необходимы лифты - учитывается в CAPEX;4
wh_main_aisle_width;warehouse;Общие параметры объекта;Ширина главных проездов;м;number;3.5;;2.5;6;false;false;;;;object_params;Определяет допустимые габариты робота;5
wh_rack_aisle_width;warehouse;Общие параметры объекта;Ширина рабочих проходов между стеллажами;м;number;2.8;;1.5;4.5;false;false;min_aisle_width;;;object_params;Узкий проход (1.5-2.0 м) - только специализированные решения;6
wh_floor_type;warehouse;Общие параметры объекта;Тип напольного покрытия;;text;;Промышленный бетон;;;false;false;;;;object_params;Влияет на выбор колёс/гусениц роботов-транспортировщиков. Альтернативы: эпоксид, асфальт;7
wh_floor_flatness;warehouse;Общие параметры объекта;Ровность пола (отклонение);мм/2м;number;3;;1;8;false;false;;;;object_params;DIN 15185 или FM2. Критично для AutoStore и высотных решений;8
wh_shifts;warehouse;Режим работы;Количество рабочих смен в сутки;смен;number;2;;1;3;true;false;shifts_per_day;;;schedule;Стандартно: 2 смены по 12 ч/сутки;9
wh_working_days;warehouse;Режим работы;Рабочих дней в году;дн.;number;365;;365;365;false;true;working_days;;;schedule;;10
wh_shift_hours;warehouse;Режим работы;Продолжительность смены;ч;number;11;;10;11;true;false;shift_hours;;;schedule;С учётом перерывов на обед и техн. пауз;11
wh_peak_factor;warehouse;Режим работы;Пиковый коэффициент нагрузки;;number;1.5;;1.2;2.5;true;false;peak_factor;;;schedule;Отношение макс. часовой нагрузки к среднечасовой. e-com: до 2.5;12
wh_inbound_pallets;warehouse;Операции: объём и производительность;Объём приёмки (поддоны/сутки);поддон/сут;number;1000;;500;5000;false;false;;;;object_params;Входящий поток. 1 еврооддон ≈ 33 короба;13
wh_outbound_pallets;warehouse;Операции: объём и производительность;Объём отгрузки (поддоны/сутки);поддон/сут;number;1000;;500;5000;false;false;;;;object_params;Исходящий поток. Включая консолидацию;14
wh_picking_lines;warehouse;Операции: объём и производительность;Объём отбора (строк/сутки, всего);строк/сут;number;100000;;50000;500000;false;false;;;;object_params;Строка = 1 позиция в заказе. Ключевой KPI для комплектации;15
wh_picking_units;warehouse;Операции: объём и производительность;Объём отбора (штук/сутки, всего);шт./сут;number;150000;;75000;750000;false;false;;;;object_params;Среднее кол-во штук на строку ~1,5;16
wh_piece_pick_share;warehouse;Операции: объём и производительность;Доля мелкоштучного отбора (piece-pick);%;number;30;;10;80;false;false;;;;object_params;Остаток - коробочный или паллетный отбор;17
wh_sku_count;warehouse;Операции: объём и производительность;Количество SKU (активных);SKU;number;2000;;1000;10000;false;false;;;;object_params;Влияет на сложность маршрутизации и алгоритм слотирования;18
wh_sku_a_share;warehouse;Операции: объём и производительность;Доля SKU с быстрым оборотом (A-класс);%;number;20;;10;40;false;false;;;;object_params;;19
wh_staff_total;warehouse;Персонал;Общая численность персонала склада;чел.;number;180;;30;700;true;false;staff_total;;;staff;Включая ИТР, кладовщиков, водителей погрузчиков, уборку;20
wh_pickers;warehouse;Персонал;Из них: отборщики (комплектовщики);чел.;number;100;;15;500;false;false;;Отборщики (комплектовщики);headcount;staff;Целевая группа для экономии при роботизации;21
wh_forklift_operators;warehouse;Персонал;Из них: операторы погрузчиков;чел.;number;25;;5;80;false;false;;Операторы погрузчиков;headcount;staff;Целевая функция для автономных погрузчиков / VNA;22
wh_packing_operators;warehouse;Персонал;Из них: операторы упаковочных линий;чел.;number;20;;5;60;false;false;;Операторы упаковочных линий;headcount;staff;Частично автоматизируется коботами;23
wh_picker_salary;warehouse;Персонал;Средняя з/п отборщика (gross);руб./мес.;number;100000;;70000;150000;false;false;;Отборщики (комплектовщики);salary;staff;gross;24
wh_forklift_salary;warehouse;Персонал;Средняя з/п оператора погрузчика (gross);руб./мес.;number;120000;;80000;170000;false;false;;Операторы погрузчиков;salary;staff;"Квалификация выше; дефицит на рынке";25
wh_payroll_tax_coef;warehouse;Персонал;Коэффициент начислений на ФОТ (страховые взносы);;number;1.302;;1.302;1.302;false;true;payroll_tax_coef;;;staff;ОПФ 22% + ОМС 5.1% + ОСС 2.9% + НСиПЗ 0.2% = 30.2%;26
wh_picker_productivity;warehouse;Персонал;Средняя выработка отборщика (строк/ч);строк/ч·чел;number;150;;80;200;false;false;;;;staff;"До роботизации; учитывает ходьбу, поиск, упаковку. Зависит от размера склада";27
wh_work_time_loss;warehouse;Персонал;Коэффициент потерь рабочего времени (отпуск, болезнь, текучесть);%;number;25;;15;35;false;false;work_time_loss;;;staff;Для расчёта потребной численности: +25% к нормативной;28
wh_annual_turnover;warehouse;Персонал;Годовая текучесть персонала;%;number;0;;0;100;false;false;turnover;;;staff;Нет в данных склада → принято 0: эффект на найм не считается;29
wh_picker_route_length;warehouse;Маршруты и планировка;Средняя длина маршрута отборщика на 1 строку;м;number;25;;15;60;false;false;;;;object_params;Зависит от размера склада и системы слотирования;30
wh_conveyor_length;warehouse;Маршруты и планировка;Протяжённость конвейерной/транспортной системы;м;number;350;;0;2000;false;false;;;;object_params;"0 если её нет; учитывается при выборе решения";31
wh_rack_type;warehouse;Хранение и характеристики грузов;Тип стеллажной системы;;text;;Фронтальные паллетные;;;false;false;;;;object_params;Альтернативы: Shuttle, AutoStore, Miniload, Drive-in, Push-back;32
wh_pallet_places;warehouse;Хранение и характеристики грузов;Количество паллетомест;м/п;number;20000;;10000;100000;false;false;;;;object_params;Ёмкость склада;33
wh_pallet_mass;warehouse;Хранение и характеристики грузов;Средняя масса грузовой единицы (паллет);кг;number;800;;200;1500;false;false;;;;object_params;Влияет на грузоподъёмность роботов;34
wh_unit_mass;warehouse;Хранение и характеристики грузов;Средняя масса штучной единицы (SKU);кг;number;1.8;;0.1;20;false;false;;;;object_params;Критично для G2P-систем;35
wh_pallet_dimensions;warehouse;Хранение и характеристики грузов;Средние габариты паллеты (Д×Ш×В);мм;dimensions;;1200×800×1600;;;false;false;;;;object_params;Евростандарт;36
wh_unit_dimensions;warehouse;Хранение и характеристики грузов;Средние габариты штучной единицы (Д×Ш×В);мм;dimensions;;300×200×150;;;false;false;;;;object_params;Среднестатистический короб;37
wh_oversize_share;warehouse;Хранение и характеристики грузов;Доля негабаритных/нестандартных грузов;%;number;5;;0;30;false;false;;;;object_params;"Нестандарт - барьер для автоматизации; остаётся ручным";38
wh_power_kw;warehouse;Инфраструктура и ограничения;Мощность электроснабжения (доступная);кВт;number;500;;100;3000;false;false;available_power_kw;;;object_params;Для зарядных станций роботов;39
wh_wms;warehouse;Инфраструктура и ограничения;Наличие WMS;;text;;Да;;;false;true;;;;object_params;Наличие WMS обязательно для роботизации;40
wh_erp;warehouse;Инфраструктура и ограничения;Наличие ERP/1С;;text;;1С:ERP;;;false;false;;;;object_params;Интеграция через REST API или COM-коннектор;41
wh_capex_budget;warehouse;Инфраструктура и ограничения;Планируемый бюджет на роботизацию (CAPEX);млн руб.;number;80;;10;500;false;false;;;;object_params;Ориентир для фильтрации решений. Лизинг/RaaS — альтернатива;42
wh_horizon_years;warehouse;Инфраструктура и ограничения;Горизонт расчёта окупаемости;лет;number;5;;3;10;false;false;;;;object_params;Типовой горизонт ТЭО для складской автоматизации;43
ap_terminal_area;airport;Общие параметры объекта;Суммарная площадь терминала (ов);м²;number;85000;;8000;500000;true;false;total_area;;;area;Площадь пассажирского терминала - база для расчёта маршрутов роботов-транспортировщиков;1
ap_apron_area;airport;Общие параметры объекта;Площадь перрона и технических зон;м²;number;100000;;10000;800000;true;false;;;;area;Открытая зона - ограничения на перемещение роботов (погода, допуски);2
ap_terminals;airport;Общие параметры объекта;Количество терминалов;шт.;number;2;;1;6;false;false;;;;area;Несколько терминалов - сложная логистика между ними;3
ap_gates;airport;Общие параметры объекта;Количество выходов на посадку (гейтов);шт.;number;20;;8;50;false;false;;;;object_params;Влияет на маршруты доставки и кол-во роботов;4
ap_runways;airport;Общие параметры объекта;Количество взлётно-посадочных полос;шт.;number;2;;1;4;false;false;;;;object_params;Контекст масштаба аэропорта;5
ap_passengers_year_m;airport;Пассажирский поток;Пассажиропоток (млн пассажиров/год);млн пасс./год;number;8.5;;0.5;50;false;false;;;;object_params;;6
ap_passengers_day;airport;Пассажирский поток;Среднесуточное количество пассажиров;пасс./сут;number;23300;;1400;137000;false;false;;;;object_params;(= Годовой поток / 365);7
ap_passengers_peak_hour;airport;Пассажирский поток;Пиковое количество пассажиров в час (PHF);пасс./ч;number;3200;;200;18000;false;false;;;;object_params;;8
ap_transfer_share;airport;Пассажирский поток;Доля трансферных пассажиров;%;number;15;;5;45;false;false;;;;object_params;Транзит - ключевой сегмент для роботов-носильщиков/кейсов;9
ap_checkin_desks;airport;Пассажирский поток;Количество стоек регистрации;шт.;number;50;;15;350;false;false;;;;object_params;Целевая зона для роботов сопровождения и аэропортовых тележек;10
ap_flights_day;airport;Авиационное наземное обслуживание (RAMP);Среднесуточное количество рейсов (взлёт+посадка);рейсов/сут;number;280;;30;1200;false;false;;;;object_params;;11
ap_flights_peak_hour;airport;Авиационное наземное обслуживание (RAMP);Пиковое количество рейсов в час;рейсов/ч;number;32;;4;120;false;false;;;;object_params;Для расчёта пиковой потребности в спецтехнике;12
ap_turnaround_min;airport;Авиационное наземное обслуживание (RAMP);Среднее время оборота воздушного судна (TAT);мин;number;45;;25;90;false;false;;;;object_params;Turnaround Time: посадка → взлёт. Ключевой KPI перрона;13
ap_ops_per_flight;airport;Авиационное наземное обслуживание (RAMP);Среднее количество операций наземного обслуживания на 1 рейс;операций;number;18;;10;25;false;false;;;;object_params;Буксировка, питание, заправка, уборка, разгрузка/погрузка;14
ap_baggage_day;airport;Авиационное наземное обслуживание (RAMP);Объём перемещения багажа (единиц/сутки);ед./сут;number;35000;;3000;300000;false;false;;;;object_params;Целевой KPI для багажных AMR и сортировочных систем;15
ap_baggage_mass;airport;Авиационное наземное обслуживание (RAMP);Средняя масса единицы багажа;кг;number;18;;10;35;false;false;;;;object_params;Для расчёта грузоподъёмности багажных роботов;16
ap_carousels;airport;Авиационное наземное обслуживание (RAMP);Количество стоек выдачи багажа (каруселей);шт.;number;8;;3;30;false;false;;;;object_params;Целевая зона автоматической сортировки;17
ap_catering_portions_day;airport;Авиационное наземное обслуживание (RAMP);Объём бортового питания (порций/сутки);порций/сут;number;22000;;1000;200000;false;false;;;;object_params;Цель: автономные тележки доставки питания на борт;18
ap_refuel_flights_day;airport;Авиационное наземное обслуживание (RAMP);Объём заправки воздушных судов (рейсов/сут);рейсов/сут;number;280;;30;1200;false;false;;;;object_params;Потенциал: автономные топливозаправщики;19
ap_cart_trips_day;airport;Внутрипортовая логистика и уборка;Суточное количество рейсов внутренних грузовых тележек (внутри терминала);рейсов/сут;number;420;;50;3000;false;false;;;;object_params;Перемещение грузов, расходников, отходов внутри терминала;20
ap_cleaning_machines;airport;Внутрипортовая логистика и уборка;Количество уборочных машин (терминал);шт.;number;8;;2;40;false;false;;;;object_params;Замена: автономные поломоечные машины (Karcher, Nilfisk и др.);21
ap_cleaned_area;airport;Внутрипортовая логистика и уборка;Площадь, убираемая роботизированной уборкой;м²;number;51000;;4800;300000;false;false;active_area;;;object_params;~60-70% от площади терминала (без закрытых и режимных зон);22
ap_waste_containers_day;airport;Внутрипортовая логистика и уборка;Суточный объём вывоза мусора (контейнеров);конт./сут;number;85;;10;500;false;false;;;;object_params;AMR-платформы для вывоза мусорных тележек;23
ap_ramp_staff;airport;Персонал;Численность персонала наземного обслуживания (рамп);чел.;number;320;;50;2000;false;false;;Персонал рампа;headcount;staff;Цель роботизации - частичное высвобождение на рутинных операциях;24
ap_terminal_staff;airport;Персонал;Численность персонала внутри терминала (логистика, уборка);чел.;number;180;;30;800;false;false;;Персонал терминала (логистика, уборка);headcount;staff;Уборщики, курьеры, грузчики терминала;25
ap_ramp_salary;airport;Персонал;Средняя з/п сотрудника наземного обслуживания (gross);руб./мес.;number;100000;;70000;150000;false;false;;Персонал рампа;salary;staff;;26
ap_terminal_salary;airport;Персонал;Средняя з/п уборщика терминала (gross);руб./мес.;number;65000;;38000;85000;false;false;;Персонал терминала (логистика, уборка);salary;staff;Ниже рынка, высокая текучесть;27
ap_payroll_tax_coef;airport;Персонал;Коэффициент начислений на ФОТ;;number;1.302;;1.302;1.302;false;true;payroll_tax_coef;;;staff;Аналогично складу;28
ap_turnover;airport;Персонал;Годовая текучесть (персонал терминала);%;number;35;;15;60;false;false;turnover;;;staff;;29
ap_security_zones;airport;Безопасность и ограничения;Зонирование (количество режимных зон);шт.;number;4;;2;8;false;false;;;;object_params;Airside, Landside, стерильная зона, перрон — у каждой свои допуски;30
ap_access_control;airport;Безопасность и ограничения;Наличие системы контроля доступа (СКУД);;text;;Да (OSDP);;;false;false;;;;object_params;AMR должны интегрироваться со СКУД для прохода через двери;31
ap_airside_certification;airport;Безопасность и ограничения;Требования по сертификации оборудования для airside;;text;;EASA/ИКАО;;;false;false;;;;object_params;Серьёзный барьер: не все роботы допущены на перрон;32
ap_noise_limit;airport;Безопасность и ограничения;Ограничения по уровню шума (зона);дБА;number;70;;55;80;false;false;;;;object_params;Критично для работы AMR в ночное время;33
ap_apron_winter_temp;airport;Безопасность и ограничения;Температура в неотапливаемых зонах (перрон, зима);°C;number;-25;;-40;0;false;false;min_temperature;;;object_params;Многие роботы не сертифицированы ниже -20°C;34
ap_fids_aodb;airport;Инфраструктура;Наличие FIDS/AODB системы;;text;;Да;;;false;true;;;;object_params;"Аэропортовая операционная БД - источник данных для расписания роботов
FIDS - система отображения информации о рейсах в аэропорту, AODB - операционная база данных аэропорта";35
ap_bms;airport;Инфраструктура;Наличие BMS (системы управления зданием);;text;;Да;;;false;true;;;;object_params;Интеграция AMR с лифтами, дверями, освещением;36
ap_charging_power_kw;airport;Инфраструктура;Доступная мощность для зарядной инфраструктуры;кВт;number;300;;50;2000;false;false;available_power_kw;;;object_params;Дополнительные требования к электроснабжению;37
med_facility_kind;medical;Общие параметры объекта;Тип медицинского учреждения;;text;;Многопрофильная больница;;;true;false;;;;area;Варианты: Поликлиника / Многопрофильная больница / Онкоцентр / Диагностический центр;1
med_total_area;medical;Общие параметры объекта;Общая площадь здания(й);м²;number;45000;;3000;200000;true;false;total_area;;;area;Площадь влияет на длину маршрутов и кол-во роботов;2
med_floors;medical;Общие параметры объекта;Количество этажей (основной корпус);шт.;number;9;;3;20;true;false;floors;;;area;Лифты — ключевой элемент интеграции. Н≥5 этажей = обязательные лифты;3
med_elevators;medical;Общие параметры объекта;Количество лифтов (грузовых/медицинских);шт.;number;4;;1;12;false;false;;;;area;Пропускная способность лифта - частое узкое место;4
med_beds;medical;Общие параметры объекта;Количество коек (стационар);коек;number;650;;50;2500;true;false;;;;object_params;Основная нагрузка: питание, бельё, медикаменты на койку/сутки;5
med_bed_occupancy;medical;Общие параметры объекта;Коечный фонд в эксплуатации (средняя занятость);%;number;82;;60;95;false;false;;;;object_params;Источник: Минздрав РФ, среднее по ЦФО 2023;6
med_operating_rooms;medical;Общие параметры объекта;Количество операционных;шт.;number;12;;2;40;false;false;;;;object_params;Доставка стерильных наборов — высокоприоритетный сценарий;7
med_outpatient_visits_day;medical;Общие параметры объекта;Количество амбулаторных посещений в сутки;посещений/сут;number;850;;100;5000;false;false;;;;object_params;Поликлиника. Влияет на доставку анализов;8
med_inpatient_schedule;medical;Режим работы;Режим работы стационара;;text;;24/7/365;;;false;false;;;;schedule;Стационар = круглосуточно. Определяет требование к надёжности робота;9
med_outpatient_schedule;medical;Режим работы;Режим работы амбулатории;;text;;5/2, 08:00-20:00;;;false;false;;;;schedule;Поликлиника работает в рабочие дни;10
med_shifts;medical;Режим работы;Количество смен медперсонала (уход за пациентами);смен/сут;number;3;;2;3;false;false;shifts_per_day;;;schedule;3 смены по 8 ч или 2 по 12 ч (зависит от учреждения);11
med_peak_time;medical;Режим работы;Пиковое время логистической нагрузки;;text;;07:00-10:00 и 15:00-17:00;;;false;false;;;;schedule;"Завтрак + обед; смена белья; приём/выдача анализов";12
med_meals_per_day;medical;Внутрибольничная логистика: питание;Количество кормлений в сутки;раз/сут;number;3;;3;5;false;false;;;;object_params;Завтрак, обед, ужин (+ полдник и второй ужин в ряде отделений);13
med_portions_day;medical;Внутрибольничная логистика: питание;Общее количество порций питания в сутки;порций/сут;number;1950;;150;7500;false;false;;;;object_params;(= Коек x Занятость x Кратность кормления);14
med_kitchen_distance;medical;Внутрибольничная логистика: питание;Среднее расстояние от пищеблока до отделения;м;number;180;;30;500;false;false;;;;object_params;Влияет на время маршрута и требуемое кол-во роботов;15
med_food_points;medical;Внутрибольничная логистика: питание;Количество точек раздачи питания (отделений);шт.;number;18;;4;60;false;false;;;;object_params;Один рейс робота = 1 отделение или несколько в цепочке;16
med_food_cart_mass;medical;Внутрибольничная логистика: питание;Средняя масса тележки с питанием (брутто);кг;number;120;;40;250;false;false;;;;object_params;Определяет грузоподъёмность. Типовой агрегатный лоток - 60-80 кг;17
med_food_delivery_norm_min;medical;Внутрибольничная логистика: питание;Норматив доставки питания (мин от пищеблока до отделения);мин;number;20;;10;35;false;false;;;;object_params;Требование СанПиН и технологической карты;18
med_dirty_linen_kg_day;medical;Внутрибольничная логистика: бельё;Объём грязного белья (кг/сутки);кг/сут;number;1800;;200;8000;false;false;;;;object_params;Норматив: ~2.5–3.5 кг на койку в сутки (постельное + операционное);19
med_clean_linen_kg_day;medical;Внутрибольничная логистика: бельё;Объём чистого белья на раздачу (кг/сутки);кг/сут;number;1800;;200;8000;false;false;;;;object_params;≈ грязному (с учётом сортировки и потерь);20
med_linen_points;medical;Внутрибольничная логистика: бельё;Количество точек сбора/выдачи белья;шт.;number;18;;4;60;false;false;;;;object_params;"По числу отделений; есть также операционный блок";21
med_linen_changes_day;medical;Внутрибольничная логистика: бельё;Периодичность смены белья (раз в сутки, в среднем);раз/сут;number;1.3;;1;3;false;false;;;;object_params;"Плановая смена 1 р/сут; экстренная — по потребности";22
med_linen_container_mass;medical;Внутрибольничная логистика: бельё;Средняя масса контейнера с бельём;кг;number;55;;20;120;false;false;;;;object_params;Брезентовая тележка или замкнутый контейнер (требование по инфекции);23
med_drug_items;medical;Внутрибольничная логистика: медикаменты и расходники;Количество наименований медикаментов в обращении;наименований;number;2800;;300;8000;false;false;;;;object_params;Аналог SKU. Влияет на алгоритм комплектации;24
med_drug_orders_day;medical;Внутрибольничная логистика: медикаменты и расходники;Объём выдачи медикаментов (заявок/сутки);заявок/сут;number;340;;40;1500;false;false;;;;object_params;1 заявка = 1 отделение, 1 смена. Комплектуется в аптеке;25
med_pharmacy_points;medical;Внутрибольничная логистика: медикаменты и расходники;Количество аптечных точек выдачи (аптека, аптечные склады);шт.;number;2;;1;6;false;false;;;;object_params;Точки отправки роботов с медикаментами;26
med_delivery_points;medical;Внутрибольничная логистика: медикаменты и расходники;Количество точек доставки (отделений + ОР + реанимация);шт.;number;22;;5;70;false;false;;;;object_params;Точки назначения;27
med_pharmacy_pick_min;medical;Внутрибольничная логистика: медикаменты и расходники;Среднее время комплектации 1 заявки в аптеке;мин;number;12;;5;30;false;false;;;;object_params;Влияет на ритмичность работы роботов;28
med_stat_share;medical;Внутрибольничная логистика: медикаменты и расходники;Доля срочных (STAT) доставок медикаментов;%;number;8;;2;20;false;false;;;;object_params;"STAT = приоритет; робот должен прерывать плановый маршрут";29
med_supplies_trips_day;medical;Внутрибольничная логистика: медикаменты и расходники;Объём доставки расходных материалов (рейсов/сутки);рейсов/сут;number;45;;10;200;false;false;;;;object_params;Шприцы, бинты, перчатки и пр.;30
med_samples_day;medical;Внутрибольничная логистика: анализы и биоматериалы;Количество биоматериалов (проб) в сутки;проб/сут;number;1200;;100;6000;false;false;;;;object_params;Забор у пациентов → доставка в КДЛ;31
med_labs;medical;Внутрибольничная логистика: анализы и биоматериалы;Количество клинико-диагностических лабораторий (КДЛ);шт.;number;2;;1;5;false;false;;;;object_params;Точки приёма биоматериала;32
med_sample_delivery_norm_min;medical;Внутрибольничная логистика: анализы и биоматериалы;Среднее время доставки пробы (норматив);мин;number;30;;10;60;false;false;;;;object_params;ГОСТ Р 53079.4-2008. Критично для коагулологии и цитологии;33
med_results_trips_day;medical;Внутрибольничная логистика: анализы и биоматериалы;Объём выдачи результатов анализов (рейсов/сутки);рейсов/сут;number;28;;5;120;false;false;;;;object_params;Бумажные бланки или интегрированная ЛИС - влияет на сценарий;34
med_waste_a_kg_day;medical;Внутрибольничная логистика: отходы;Объём медицинских отходов класса А (ненасыщенные);кг/сут;number;850;;80;4000;false;false;;;;object_params;Класс А - ненасыщенные;35
med_waste_b_kg_day;medical;Внутрибольничная логистика: отходы;Объём медицинских отходов класса Б (инфицированные);кг/сут;number;220;;20;1200;false;false;;;;object_params;Класс Б - специальные требования к контейнерам и маршруту;36
med_waste_points;medical;Внутрибольничная логистика: отходы;Количество точек сбора отходов;шт.;number;20;;4;70;false;false;;;;object_params;По числу отделений + операционный блок;37
med_waste_pickups_day;medical;Внутрибольничная логистика: отходы;Периодичность вывоза отходов из отделений;раз/сут;number;2;;1;4;false;false;;;;object_params;Строгий регламент СанПиН 2.1.3684-21;38
med_orderlies;medical;Персонал (немедицинский, задействованный в логистике);Численность санитаров и транспортировщиков;чел.;number;65;;10;300;false;false;;Санитары и транспортировщики;headcount;staff;Основная целевая группа для замещения;39
med_kitchen_staff;medical;Персонал (немедицинский, задействованный в логистике);Численность сотрудников пищеблока (раздача);чел.;number;28;;5;100;false;false;;Сотрудники пищеблока (раздача);headcount;staff;Частичное замещение - только транспортная функция;40
med_laundry_staff;medical;Персонал (немедицинский, задействованный в логистике);Численность сотрудников прачечной (транспорт белья);чел.;number;18;;3;60;false;false;;Сотрудники прачечной (транспорт белья);headcount;staff;;41
med_orderly_salary;medical;Персонал (немедицинский, задействованный в логистике);Средняя з/п санитара/транспортировщика (gross);руб./мес.;number;55000;;38000;85000;false;false;;Санитары и транспортировщики;salary;staff;Москва/МО 2024-2025;42
med_kitchen_salary;medical;Персонал (немедицинский, задействованный в логистике);Средняя з/п сотрудника пищеблока (gross);руб./мес.;number;52000;;35000;75000;false;false;;Сотрудники пищеблока (раздача);salary;staff;;43
med_payroll_tax_coef;medical;Персонал (немедицинский, задействованный в логистике);Коэффициент начислений на ФОТ;;number;1.302;;1.302;1.302;false;true;payroll_tax_coef;;;staff;Аналогично склад/аэропорт;44
med_turnover;medical;Персонал (немедицинский, задействованный в логистике);Годовая текучесть (немедицинский персонал);%;number;45;;20;70;false;false;turnover;;;staff;;45
med_disinfection;medical;Требования безопасности и санитарные нормы;Обеззараживание робота между рейсами;;text;;Обязательно для Б-маршрутов;;;false;false;;;;object_params;УФ-модуль или обработка дез. средством. Учитывается в OPEX;46
med_ward_noise_limit;medical;Требования безопасности и санитарные нормы;Требования к уровню шума в палатах (ночное время);дБА;number;30;;25;40;false;false;;;;object_params;СанПиН 2.1.3.2630-10;47
med_access_control;medical;Требования безопасности и санитарные нормы;Наличие СКУД (контроль доступа по зонам);;text;;Да;;;false;false;;;;object_params;Интеграция роботов через API лифтового оборудования и дверей;48
med_robot_surface;medical;Требования безопасности и санитарные нормы;Требования к материалу поверхностей робота;;text;;Нержавеющая сталь или ABS с антибактер. покрытием;;;false;false;;;;object_params;Для протирки дез. Средствами;49
med_mis;medical;Инфраструктура;Наличие МИС (медицинская информационная система);;text;;Да (ЕМИАС);;;false;false;;;;object_params;Интеграция с МИС - источник данных для планирования маршрутов;50
med_lis;medical;Инфраструктура;Наличие ЛИС (лабораторная информационная система);;text;;Да;;;false;false;;;;object_params;Для автоматического формирования заявок на доставку проб;51
med_elevator_bms;medical;Инфраструктура;Наличие системы управления лифтами (BMS);;text;;Да (частично);;;false;false;;;;object_params;Критично: без API лифтов AMR не может самостоятельно переходить между этажами;52
med_corridor_width;medical;Инфраструктура;Ширина коридоров (основных);м;number;2.4;;1.8;3.5;false;false;min_aisle_width;;;object_params;Мин. 1.8 м для AMR + разминовка с каталками. Узкие места - критичны;53
med_ramps;medical;Инфраструктура;Наличие пандусов/подъёмников (для межэтажного AMR без лифта);;text;;Нет;;;false;false;;;;object_params;Если нет лифтовой интеграции - требуются подъёмники;54
med_charging_power_kw;medical;Инфраструктура;Доступная мощность для зарядной инфраструктуры;кВт;number;80;;15;400;false;false;available_power_kw;;;object_params;Обычно ставятся у сестринских постов или в технических нишах;55
